{
  "models": {
    "base": {
      "correct": 565,
      "total": 583,
      "accuracy": 0.9691252144082333
    },
    "personal": {
      "correct": 507,
      "total": 583,
      "accuracy": 0.869639794168096
    },
    "ensemble": {
      "correct": 560,
      "total": 583,
      "accuracy": 0.9605488850771869
    },
    "adaptive": {
      "correct": 558,
      "total": 583,
      "accuracy": 0.9571183533447685
    }
  }
}