{
  "accuracy": 0.6162014976174268,
  "f1_score": 0.5255668865769829,
  "balanced_accuracy": 0.5172633802410117,
  "roc_auc": 0.5036584033558046,
  "pr_auc": 0.4062311809919863,
  "threshold": 0.2,
  "classification_report": {
    "precision": {
      "0": 0.62638009715884,
      "1": 0.4909420289855072,
      "accuracy": 0.6162014976174268,
      "macro avg": 0.5586610630721737,
      "weighted avg": 0.5745835643475546
    },
    "recall": {
      "0": 0.9380511463844796,
      "1": 0.0964756140975436,
      "accuracy": 0.6162014976174268,
      "macro avg": 0.5172633802410117,
      "weighted avg": 0.6162014976174268
    },
    "f1-score": {
      "0": 0.7511695648336129,
      "1": 0.1612615293067539,
      "accuracy": 0.6162014976174268,
      "macro avg": 0.4562155470701834,
      "weighted avg": 0.5255668865769829
    },
    "support": {
      "0": 4536.0,
      "1": 2809.0,
      "accuracy": 0.6162014976174268,
      "macro avg": 7345.0,
      "weighted avg": 7345.0
    }
  },
  "confusion_matrix": [
    [
      4255,
      281
    ],
    [
      2538,
      271
    ]
  ]
}