{
  "accuracy": 0.8026868178001679,
  "f1_score": 0.7186335330326659,
  "balanced_accuracy": 0.5000696666786524,
  "roc_auc": 0.4849924490309589,
  "pr_auc": 0.1920975107185367,
  "threshold": 0.35,
  "classification_report": {
    "precision": {
      "0": 0.8052276559865092,
      "1": 0.2,
      "accuracy": 0.8026868178001679,
      "macro avg": 0.5026138279932546,
      "weighted avg": 0.6873327641402707
    },
    "recall": {
      "0": 0.9958289885297184,
      "1": 0.0043103448275862,
      "accuracy": 0.8026868178001679,
      "macro avg": 0.5000696666786524,
      "weighted avg": 0.8026868178001679
    },
    "f1-score": {
      "0": 0.8904428904428905,
      "1": 0.0084388185654008,
      "accuracy": 0.8026868178001679,
      "macro avg": 0.4494408545041456,
      "weighted avg": 0.7186335330326659
    },
    "support": {
      "0": 959.0,
      "1": 232.0,
      "accuracy": 0.8026868178001679,
      "macro avg": 1191.0,
      "weighted avg": 1191.0
    }
  },
  "confusion_matrix": [
    [
      955,
      4
    ],
    [
      231,
      1
    ]
  ]
}