{
  "participants": [
    1,
    4,
    5,
    8,
    9,
    10,
    11,
    12,
    13,
    14,
    15
  ],
  "participant_data": {
    "1": {
      "participant_id": 1,
      "segments": 181,
      "arousal_mean": 2.7679558011049723,
      "valence_mean": 3.044198895027624
    },
    "4": {
      "participant_id": 4,
      "segments": 136,
      "arousal_mean": 2.0441176470588234,
      "valence_mean": 2.7573529411764706
    },
    "5": {
      "participant_id": 5,
      "segments": 124,
      "arousal_mean": 3.0,
      "valence_mean": 3.943548387096774
    },
    "8": {
      "participant_id": 8,
      "segments": 120,
      "arousal_mean": 3.75,
      "valence_mean": 2.925
    },
    "9": {
      "participant_id": 9,
      "segments": 122,
      "arousal_mean": 2.5491803278688523,
      "valence_mean": 3.139344262295082
    },
    "10": {
      "participant_id": 10,
      "segments": 120,
      "arousal_mean": 2.55,
      "valence_mean": 2.558333333333333
    },
    "11": {
      "participant_id": 11,
      "segments": 120,
      "arousal_mean": 3.2416666666666667,
      "valence_mean": 3.0
    },
    "12": {
      "participant_id": 12,
      "segments": 120,
      "arousal_mean": 3.183333333333333,
      "valence_mean": 3.15
    },
    "13": {
      "participant_id": 13,
      "segments": 122,
      "arousal_mean": 3.262295081967213,
      "valence_mean": 2.9836065573770494
    },
    "14": {
      "participant_id": 14,
      "segments": 117,
      "arousal_mean": 3.427350427350427,
      "valence_mean": 2.2905982905982905
    },
    "15": {
      "participant_id": 15,
      "segments": 121,
      "arousal_mean": 2.925619834710744,
      "valence_mean": 2.958677685950413
    }
  },
  "extraction_date": "2025-03-27T17:38:50.514906"
}