{
  "accuracy": 0.6556841388699796,
  "f1_score": 0.5193281494610348,
  "balanced_accuracy": 0.5,
  "roc_auc": 0.3858699221916138,
  "pr_auc": 0.3345274573492346,
  "threshold": 0.2,
  "classification_report": {
    "precision": {
      "0": 0.6556841388699796,
      "1": 0.0,
      "accuracy": 0.6556841388699796,
      "macro avg": 0.3278420694349898,
      "weighted avg": 0.4299216899656666
    },
    "recall": {
      "0": 1.0,
      "1": 0.0,
      "accuracy": 0.6556841388699796,
      "macro avg": 0.5,
      "weighted avg": 0.6556841388699796
    },
    "f1-score": {
      "0": 0.7920401282789244,
      "1": 0.0,
      "accuracy": 0.6556841388699796,
      "macro avg": 0.3960200641394622,
      "weighted avg": 0.5193281494610348
    },
    "support": {
      "0": 4816.0,
      "1": 2529.0,
      "accuracy": 0.6556841388699796,
      "macro avg": 7345.0,
      "weighted avg": 7345.0
    }
  },
  "confusion_matrix": [
    [
      4816,
      0
    ],
    [
      2529,
      0
    ]
  ]
}