{
  "accuracy": 0.6314021830394626,
  "f1_score": 0.6216782400437711,
  "balanced_accuracy": 0.5001203290452437,
  "roc_auc": 0.5207950468189376,
  "pr_auc": 0.2651325856889649,
  "threshold": 0.65,
  "classification_report": {
    "precision": {
      "0": 0.7380952380952381,
      "1": 0.2621722846441947,
      "accuracy": 0.6314021830394626,
      "macro avg": 0.5001337613697164,
      "weighted avg": 0.6134202074682645
    },
    "recall": {
      "0": 0.7758816837315131,
      "1": 0.2243589743589743,
      "accuracy": 0.6314021830394626,
      "macro avg": 0.5001203290452437,
      "weighted avg": 0.6314021830394626
    },
    "f1-score": {
      "0": 0.7565169162506933,
      "1": 0.2417962003454231,
      "accuracy": 0.6314021830394626,
      "macro avg": 0.4991565582980582,
      "weighted avg": 0.6216782400437711
    },
    "support": {
      "0": 879.0,
      "1": 312.0,
      "accuracy": 0.6314021830394626,
      "macro avg": 1191.0,
      "weighted avg": 1191.0
    }
  },
  "confusion_matrix": [
    [
      682,
      197
    ],
    [
      242,
      70
    ]
  ]
}