{
  "subject_id": 8,
  "models": {
    "base": {
      "subject_id": 8,
      "model_type": "base",
      "accuracy": 0.9191919191919192,
      "f1_score": 0.9185314053606737,
      "class_metrics": {
        "Baseline": {
          "correct": 37,
          "total": 39,
          "accuracy_pct": 94.87179487179486
        },
        "Stress": {
          "correct": 17,
          "total": 22,
          "accuracy_pct": 77.27272727272727
        },
        "Amusement": {
          "correct": 11,
          "total": 12,
          "accuracy_pct": 91.66666666666666
        },
        "Meditation": {
          "correct": 26,
          "total": 26,
          "accuracy_pct": 100.0
        }
      },
      "confusion_matrix": [
        [
          37,
          0,
          2,
          0
        ],
        [
          5,
          17,
          0,
          0
        ],
        [
          1,
          0,
          11,
          0
        ],
        [
          0,
          0,
          0,
          26
        ]
      ],
      "num_samples": 99
    },
    "personal": {
      "subject_id": 8,
      "model_type": "personal",
      "accuracy": 0.8585858585858586,
      "f1_score": 0.854754616875829,
      "class_metrics": {
        "Baseline": {
          "correct": 34,
          "total": 39,
          "accuracy_pct": 87.17948717948718
        },
        "Stress": {
          "correct": 14,
          "total": 22,
          "accuracy_pct": 63.63636363636363
        },
        "Amusement": {
          "correct": 11,
          "total": 12,
          "accuracy_pct": 91.66666666666666
        },
        "Meditation": {
          "correct": 26,
          "total": 26,
          "accuracy_pct": 100.0
        }
      },
      "confusion_matrix": [
        [
          34,
          0,
          4,
          1
        ],
        [
          7,
          14,
          0,
          1
        ],
        [
          0,
          0,
          11,
          1
        ],
        [
          0,
          0,
          0,
          26
        ]
      ],
      "num_samples": 99
    },
    "ensemble": {
      "subject_id": 8,
      "model_type": "ensemble",
      "ensemble_weight": 0.6,
      "accuracy": 0.9191919191919192,
      "f1_score": 0.9185314053606737,
      "class_metrics": {
        "Baseline": {
          "correct": 37,
          "total": 39,
          "accuracy_pct": 94.87179487179486
        },
        "Stress": {
          "correct": 17,
          "total": 22,
          "accuracy_pct": 77.27272727272727
        },
        "Amusement": {
          "correct": 11,
          "total": 12,
          "accuracy_pct": 91.66666666666666
        },
        "Meditation": {
          "correct": 26,
          "total": 26,
          "accuracy_pct": 100.0
        }
      },
      "confusion_matrix": [
        [
          37,
          0,
          2,
          0
        ],
        [
          5,
          17,
          0,
          0
        ],
        [
          1,
          0,
          11,
          0
        ],
        [
          0,
          0,
          0,
          26
        ]
      ],
      "num_samples": 99
    },
    "adaptive": {
      "subject_id": 8,
      "model_type": "adaptive",
      "accuracy": 0.9191919191919192,
      "f1_score": 0.9185314053606737,
      "class_metrics": {
        "Baseline": {
          "correct": 37,
          "total": 39,
          "accuracy_pct": 94.87179487179486
        },
        "Stress": {
          "correct": 17,
          "total": 22,
          "accuracy_pct": 77.27272727272727
        },
        "Amusement": {
          "correct": 11,
          "total": 12,
          "accuracy_pct": 91.66666666666666
        },
        "Meditation": {
          "correct": 26,
          "total": 26,
          "accuracy_pct": 100.0
        }
      },
      "confusion_matrix": [
        [
          37,
          0,
          2,
          0
        ],
        [
          5,
          17,
          0,
          0
        ],
        [
          1,
          0,
          11,
          0
        ],
        [
          0,
          0,
          0,
          26
        ]
      ],
      "num_samples": 99,
      "model_selection": {
        "Baseline": {
          "base_model_used": 36,
          "personal_model_used": 3,
          "base_model_pct": 92.3076923076923,
          "personal_model_pct": 7.6923076923076925
        },
        "Stress": {
          "base_model_used": 20,
          "personal_model_used": 2,
          "base_model_pct": 90.9090909090909,
          "personal_model_pct": 9.090909090909092
        },
        "Amusement": {
          "base_model_used": 12,
          "personal_model_used": 0,
          "base_model_pct": 100.0,
          "personal_model_pct": 0.0
        },
        "Meditation": {
          "base_model_used": 19,
          "personal_model_used": 7,
          "base_model_pct": 73.07692307692307,
          "personal_model_pct": 26.923076923076923
        }
      },
      "base_model_count": 87,
      "personal_model_count": 12,
      "base_model_pct": 87.87878787878788,
      "personal_model_pct": 12.121212121212121
    }
  }
}