{
  "subject_id": 13,
  "models": {
    "base": {
      "subject_id": 13,
      "model_type": "base",
      "accuracy": 0.8686868686868687,
      "f1_score": 0.8657434650162236,
      "class_metrics": {
        "Baseline": {
          "correct": 36,
          "total": 39,
          "accuracy_pct": 92.3076923076923
        },
        "Stress": {
          "correct": 15,
          "total": 22,
          "accuracy_pct": 68.18181818181817
        },
        "Amusement": {
          "correct": 10,
          "total": 12,
          "accuracy_pct": 83.33333333333334
        },
        "Meditation": {
          "correct": 25,
          "total": 26,
          "accuracy_pct": 96.15384615384616
        }
      },
      "confusion_matrix": [
        [
          36,
          0,
          0,
          3
        ],
        [
          6,
          15,
          1,
          0
        ],
        [
          1,
          1,
          10,
          0
        ],
        [
          1,
          0,
          0,
          25
        ]
      ],
      "num_samples": 99
    },
    "personal": {
      "subject_id": 13,
      "model_type": "personal",
      "accuracy": 0.797979797979798,
      "f1_score": 0.7928697593335265,
      "class_metrics": {
        "Baseline": {
          "correct": 30,
          "total": 39,
          "accuracy_pct": 76.92307692307693
        },
        "Stress": {
          "correct": 12,
          "total": 22,
          "accuracy_pct": 54.54545454545454
        },
        "Amusement": {
          "correct": 11,
          "total": 12,
          "accuracy_pct": 91.66666666666666
        },
        "Meditation": {
          "correct": 26,
          "total": 26,
          "accuracy_pct": 100.0
        }
      },
      "confusion_matrix": [
        [
          30,
          0,
          2,
          7
        ],
        [
          3,
          12,
          4,
          3
        ],
        [
          1,
          0,
          11,
          0
        ],
        [
          0,
          0,
          0,
          26
        ]
      ],
      "num_samples": 99
    },
    "ensemble": {
      "subject_id": 13,
      "model_type": "ensemble",
      "ensemble_weight": 0.5,
      "accuracy": 0.8383838383838383,
      "f1_score": 0.8333057850268599,
      "class_metrics": {
        "Baseline": {
          "correct": 34,
          "total": 39,
          "accuracy_pct": 87.17948717948718
        },
        "Stress": {
          "correct": 13,
          "total": 22,
          "accuracy_pct": 59.09090909090909
        },
        "Amusement": {
          "correct": 11,
          "total": 12,
          "accuracy_pct": 91.66666666666666
        },
        "Meditation": {
          "correct": 25,
          "total": 26,
          "accuracy_pct": 96.15384615384616
        }
      },
      "confusion_matrix": [
        [
          34,
          0,
          0,
          5
        ],
        [
          4,
          13,
          4,
          1
        ],
        [
          1,
          0,
          11,
          0
        ],
        [
          1,
          0,
          0,
          25
        ]
      ],
      "num_samples": 99
    },
    "adaptive": {
      "subject_id": 13,
      "model_type": "adaptive",
      "accuracy": 0.8484848484848485,
      "f1_score": 0.8454131962903894,
      "class_metrics": {
        "Baseline": {
          "correct": 34,
          "total": 39,
          "accuracy_pct": 87.17948717948718
        },
        "Stress": {
          "correct": 14,
          "total": 22,
          "accuracy_pct": 63.63636363636363
        },
        "Amusement": {
          "correct": 11,
          "total": 12,
          "accuracy_pct": 91.66666666666666
        },
        "Meditation": {
          "correct": 25,
          "total": 26,
          "accuracy_pct": 96.15384615384616
        }
      },
      "confusion_matrix": [
        [
          34,
          0,
          0,
          5
        ],
        [
          3,
          14,
          4,
          1
        ],
        [
          1,
          0,
          11,
          0
        ],
        [
          1,
          0,
          0,
          25
        ]
      ],
      "num_samples": 99,
      "model_selection": {
        "Baseline": {
          "base_model_used": 34,
          "personal_model_used": 5,
          "base_model_pct": 87.17948717948718,
          "personal_model_pct": 12.82051282051282
        },
        "Stress": {
          "base_model_used": 18,
          "personal_model_used": 4,
          "base_model_pct": 81.81818181818183,
          "personal_model_pct": 18.181818181818183
        },
        "Amusement": {
          "base_model_used": 6,
          "personal_model_used": 6,
          "base_model_pct": 50.0,
          "personal_model_pct": 50.0
        },
        "Meditation": {
          "base_model_used": 23,
          "personal_model_used": 3,
          "base_model_pct": 88.46153846153845,
          "personal_model_pct": 11.538461538461538
        }
      },
      "base_model_count": 81,
      "personal_model_count": 18,
      "base_model_pct": 81.81818181818183,
      "personal_model_pct": 18.181818181818183
    }
  }
}