{
  "arousal": {
    "WESAD": {
      "low": 4816,
      "high": 2529,
      "ratio": 0.5251245847176079
    },
    "K-EmoCon": {
      "low": 879,
      "high": 312,
      "ratio": 0.35494880546075086
    }
  },
  "valence": {
    "WESAD": {
      "low": 4536,
      "high": 2809,
      "ratio": 0.6192680776014109
    },
    "K-EmoCon": {
      "low": 959,
      "high": 232,
      "ratio": 0.24191866527632952
    }
  }
}